o,C,R,D,Fo,DistToCritical,DistToDesirable,CurrentHasLM,Label
SAIL L4 L1,0.25,0.0,0.0,1.25,6,8,0.6,N
BOARD C1 L1,0.33,0.65,0.0,1.98,3,14,0.4,N
SAIL L1 L3,0.33,0.33,0.01,1.65,1,6,0.2,N
DEBARK C1 L3,0.33,0.02,0.0,1.35,11,18,0.2,N
SAIL L3 L1,0.33,0.03,0.0,1.3599999999999999,9,17,0.4,N
BOARD C2 L1,0.33,0.08,0.0,1.4100000000000001,8,16,0.2,N
SAIL L1 L2,0.33,0.06,0.02,1.37,8,15,0.0,N
DEBARK C2 L2,1.0,0.0,1.0,1.0,-1,0,0.2,N
