o,C,R,D,Fo,DistToCritical,DistToDesirable,CurrentHasLM,Label
SAIL L4 L1,0.25,0.0,0.0,1.25,-1,11,0.6,N
BOARD C1 L1,0.33,0.67,0.0,2.0,2,7,0.4,N
SAIL L1 L2,0.33,0.5,0.01,1.82,2,6,0.2,N
DEBARK C1 L2,0.33,0.01,0.0,1.34,10,15,0.2,N
SAIL L2 L1,0.33,0.02,0.01,1.34,9,14,0.4,N
BOARD C2 L1,0.33,0.07,0.04,1.3599999999999999,8,13,0.2,N
SAIL L1 L3,0.33,0.05,0.04,1.3399999999999999,8,13,0.0,N
DEBARK C2 L3,1.0,0.0,1.0,1.0,-1,0,0.2,N
