ob,c,r,d,fo,0.0<=x<0.0,0.0<=x<0.1,0.1<=x<0.2,0.2<=x<0.3,0.3<=x<0.4,0.4<=x<0.5,0.5<=x<0.6,0.6<=x<0.7,0.7<=x<0.8,0.8<=x<0.9,0.9<=x<1.0,1.0<=x<1.1,dToCritical,dToDesirable,remainingLandmarks,hasLM,Label
PICKUP PLACE_0_0 KEY_0,0.33,0.05,0.04,1.3399999999999999,0, 0, 0, 0, 0, 0, 0, 0, 0, 0, 0, 0,6,9,1.0,N
UNLOCK PLACE_0_0 PLACE_0_1 KEY_0 SHAPE_0,0.33,0.07,0.1,1.3,0, 0, 0, 0, 0, 0, 0, 0, 0, 0, 0, 0,5,8,1.0,N
MOVE PLACE_0_0 PLACE_0_1,0.5,0.02,0.09,1.4300000000000002,0, 0, 0, 0, 0, 0, 0, 0, 0, 0, 0, 0,7,8,0.0,N
MOVE PLACE_0_1 PLACE_0_2,0.5,0.02,0.09,1.4300000000000002,0, 0, 0, 0, 0, 0, 0, 0, 0, 0, 0, 0,8,9,0.0,N
MOVE PLACE_0_2 PLACE_0_3,0.5,0.02,0.09,1.4300000000000002,0, 0, 0, 0, 0, 0, 0, 0, 0, 0, 0, 0,9,9,0.0,N
MOVE PLACE_0_3 PLACE_1_3,0.33,0.01,0.1,1.24,0, 0, 0, 0, 0, 0, 0, 0, 0, 0, 0, 0,10,10,0.0,N
MOVE PLACE_1_3 PLACE_2_3,1.0,0.0,1.0,1.0,0, 0, 0, 0, 0, 0, 0, 0, 0, 0, 1, 0,-1,0,0.0,N
