ob,c,r,d,fo,0.0<=x<0.0,0.0<=x<0.1,0.1<=x<0.2,0.2<=x<0.3,0.3<=x<0.4,0.4<=x<0.5,0.5<=x<0.6,0.6<=x<0.7,0.7<=x<0.8,0.8<=x<0.9,0.9<=x<1.0,1.0<=x<1.1,dToCritical,dToDesirable,remainingLandmarks,hasLM,Label
PICKUP PLACE_0_0 KEY_1,0.5,0.14,0.02,1.62,0, 0, 0, 0, 0, 0, 0, 0, 0, 0, 0, 0,7,11,1.0,N
PICKUP PLACE_0_0 KEY_0,0.5,0.17,0.03,1.6400000000000001,0, 0, 0, 0, 0, 0, 0, 0, 0, 0, 0, 0,5,10,0.67,N
MOVE PLACE_0_0 PLACE_1_0,0.33,0.05,0.04,1.3399999999999999,0, 0, 0, 0, 0, 0, 0, 0, 0, 0, 0, 0,9,11,0.33,N
UNLOCK PLACE_1_0 PLACE_1_1 KEY_1 SHAPE_1,0.33,0.09,0.09,1.33,0, 0, 0, 0, 0, 0, 0, 0, 0, 0, 0, 0,8,10,0.33,N
MOVE PLACE_1_0 PLACE_0_0,1.0,0.5,0.11,2.39,0, 0, 0, 0, 0, 0, 0, 0, 0, 0, 0, 0,3,11,0.67,N
UNLOCK PLACE_0_0 PLACE_0_1 KEY_0 SHAPE_0,0.5,0.5,0.11,1.8900000000000001,0, 0, 0, 0, 0, 0, 0, 0, 0, 0, 0, 0,2,10,0.33,N
MOVE PLACE_0_0 PLACE_0_1,0.5,0.5,0.11,1.8900000000000001,0, 0, 0, 0, 0, 0, 0, 0, 0, 0, 0, 0,1,11,0.0,N
MOVE PLACE_0_1 PLACE_0_2,1.0,1.0,0.0,3.0,0, 0, 0, 0, 0, 0, 0, 0, 0, 0, 0, 0,0,-1,0.0,Y
MOVE PLACE_0_2 PLACE_0_3,1.0,0.0,1.0,1.0,0, 0, 0, 0, 0, 0, 0, 0, 0, 0, 1, 0,-1,0,0.0,N
